"n","proposed_cov","proposed_width","proposed_med_width","naive_cov","naive_width","naive_med_width","stdLLR_cov_tauRD","stdLLR_width","stdLLR_med_width","stdLLR_cov_tauPE","n_na","n_failed","n_success","tauRD","tau_partial","gamma"
500,0.952,12.0666351950249,11.82159389537,0.9225,4908.67055052968,67.9328624784825,0,1.79076858021574,1.78411791227336,0.95,0,0,2000,4.23038065348611,1,1
1000,0.9545,8.81666098528514,8.71439340149651,0.9415,36500.0902384291,51.2249586704258,0,1.33581179449691,1.3324097388475,0.944,0,0,2000,4.23038065348611,1,1
2000,0.954,6.46770923497446,6.39984160881794,0.9535,69.1896859643398,37.3439324884302,0,0.993679262887759,0.989432811113112,0.95,0,0,2000,4.23038065348611,1,1
4000,0.9515,4.77204127398592,4.74823913677201,0.9615,31.1984353421879,27.3317114376025,0,0.739088949201478,0.735292039154284,0.9505,0,0,2000,4.23038065348611,1,1
8000,0.9505,3.54732937702648,3.52828817623275,0.9685,21.4288677807681,20.037207046574,0,0.54979105664731,0.54584517638967,0.948,0,0,2000,4.23038065348611,1,1
16000,0.939,2.65095404810692,2.64269982271408,0.961,15.5998634664957,14.8680326187957,0,0.408800487207693,0.405684217753213,0.9495,0,0,2000,4.23038065348611,1,1
32000,0.9435,1.96708332544737,1.95114685900119,0.9495,11.4775829448117,11.2183901250995,0,0.303830437837861,0.301251385851207,0.9465,0,0,2000,4.23038065348611,1,1
64000,0.95,1.46532268723194,1.45274466142998,0.911,8.55456011578286,8.42994422202215,0,0.225945240495503,0.223489668266415,0.943,0,0,2000,4.23038065348611,1,1
