"n","proposed_cov","proposed_width","proposed_med_width","naive_cov","naive_width","naive_med_width","stdLLR_cov_tauRD","stdLLR_width","stdLLR_med_width","stdLLR_cov_tauPE","n_na","n_failed","n_success","tauRD","tau_partial","gamma"
500,0.946,6.11243346912673,6.02009405488441,0.932,10.8726045934152,10.4003420591423,0.664,1.79076858021574,1.78411791227336,0.95,0,0,2000,1.68992981425446,1,0.5
1000,0.942,4.55897194555272,4.50257086848283,0.941,8.01184394234033,7.79634955120429,0.474,1.33581179449691,1.3324097388475,0.944,0,0,2000,1.68992981425446,1,0.5
2000,0.946,3.38521212511798,3.36295213728684,0.9415,5.91586239528921,5.83565174648613,0.2305,0.993679262887759,0.989432811113112,0.95,0,0,2000,1.68992981425446,1,0.5
4000,0.952,2.51750594120472,2.50206820603443,0.9435,4.37364039176949,4.33006257074987,0.042,0.739088949201478,0.735292039154284,0.9505,0,0,2000,1.68992981425446,1,0.5
8000,0.9585,1.87017083979887,1.85856606094674,0.952,3.23840346160366,3.21299571591138,0.003,0.54979105664731,0.54584517638967,0.948,0,0,2000,1.68992981425446,1,0.5
16000,0.949,1.38988336906514,1.38125276464013,0.946,2.40069711155101,2.38774076572083,0,0.408800487207693,0.405684217753213,0.9495,0,0,2000,1.68992981425446,1,0.5
32000,0.953,1.03385127286743,1.02566796532407,0.95,1.78286305665371,1.77362842095499,0,0.303830437837861,0.301251385851207,0.9465,0,0,2000,1.68992981425446,1,0.5
64000,0.939,0.767700606773068,0.761320327698384,0.9365,1.32787669990405,1.31895788803017,0,0.225945240495503,0.223489668266415,0.943,0,0,2000,1.68992981425446,1,0.5
