"n","proposed_cov","proposed_width","proposed_med_width","naive_cov","naive_width","naive_med_width","stdLLR_cov_tauRD","stdLLR_width","stdLLR_med_width","stdLLR_cov_tauPE","n_na","n_failed","n_success","tauRD","tau_partial","gamma"
500,0.9555,17.6774659612926,16.3127367885114,0.8855,141362.880584501,83.7784848949339,0,1.86006545684854,1.85351547199598,0.9465,0,0,2000,4.27330612055719,1,1
1000,0.965,12.4222245555333,11.8293611903677,0.92,88801326.5504195,61.9969740066071,0,1.38014828014487,1.37780596280248,0.9535,0,0,2000,4.27330612055719,1,1
2000,0.9495,8.73080830339636,8.53695971952998,0.9435,11034.2766304737,46.0939519052528,0,1.02107652463519,1.01711173126479,0.951,0,0,2000,4.27330612055719,1,1
4000,0.945,6.34752710788658,6.23286697632011,0.957,159.669588826356,33.8567503833875,0,0.758199927968815,0.75424565002672,0.945,0,0,2000,4.27330612055719,1,1
8000,0.9555,4.60336525782474,4.56425356924061,0.969,29.6646300662267,24.5258963528099,0,0.562608607844294,0.55826950922785,0.943,0,0,2000,4.27330612055719,1,1
16000,0.9435,3.41475846883079,3.39790428169584,0.9745,19.814309510578,18.1674726053541,0,0.417179494194783,0.413891724048107,0.955,0,0,2000,4.27330612055719,1,1
32000,0.9445,2.55537947574732,2.54659709086962,0.96,14.3354697665443,13.7467416290293,0,0.30978129465327,0.30715986679909,0.9425,0,0,2000,4.27330612055719,1,1
64000,0.9315,1.92461169849515,1.92950374583009,0.892,10.6690936270203,10.4598098332802,0,0.229984022559817,0.227867730641787,0.951,0,0,2000,4.27330612055719,1,1
