"n","proposed_cov","proposed_width","proposed_med_width","naive_cov","naive_width","naive_med_width","stdLLR_cov_tauRD","stdLLR_width","stdLLR_med_width","stdLLR_cov_tauPE","n_na","n_failed","n_success","tauRD","tau_partial","gamma"
500,0.953,7.51038885255634,7.36407293600989,0.9125,40.490951691079,24.6416201294151,0.033,1.79076858021574,1.78411791227336,0.95,0,0,2000,2.78504688055273,1,0.8
1000,0.949,5.61201680257431,5.52744309170906,0.9395,22.0340178717643,18.2786683941156,0.001,1.33581179449691,1.3324097388475,0.944,0,0,2000,2.78504688055273,1,0.8
2000,0.953,4.17148906031537,4.12028384361428,0.942,14.8251360041615,13.5734170940641,0,0.993679262887759,0.989432811113112,0.95,0,0,2000,2.78504688055273,1,0.8
4000,0.9565,3.12132832409646,3.09158938186842,0.9555,10.5434231095633,10.1747468164877,0,0.739088949201478,0.735292039154284,0.9505,0,0,2000,2.78504688055273,1,0.8
8000,0.9475,2.33169332207389,2.31106198324655,0.9535,7.73838347305694,7.5788491991511,0,0.54979105664731,0.54584517638967,0.948,0,0,2000,2.78504688055273,1,0.8
16000,0.9425,1.73252862148822,1.72053033417503,0.945,5.74122767030664,5.65121601426676,0,0.408800487207693,0.405684217753213,0.9495,0,0,2000,2.78504688055273,1,0.8
32000,0.9415,1.29180576619595,1.28556318733935,0.9525,4.24381976157815,4.20956842491093,0,0.303830437837861,0.301251385851207,0.9465,0,0,2000,2.78504688055273,1,0.8
64000,0.931,0.962509467258883,0.956757940356667,0.9295,3.16416093374918,3.13798129453713,0,0.225945240495503,0.223489668266415,0.943,0,0,2000,2.78504688055273,1,0.8
