"n","proposed_cov","proposed_width","proposed_med_width","naive_cov","naive_width","naive_med_width","stdLLR_cov_tauRD","stdLLR_width","stdLLR_med_width","stdLLR_cov_tauPE","n_na","n_failed","n_success","tauRD","tau_partial","gamma"
500,0.9445,6.12941507183443,6.05229222704861,0.923,10.9062909580707,10.5163072778187,0.6505,1.86006545684854,1.85351547199598,0.9465,0,0,2000,1.72798089933862,1,0.5
1000,0.9495,4.51409555244401,4.48258206548985,0.941,8.04295981987906,7.85289319226571,0.4475,1.38014828014487,1.37780596280248,0.9535,0,0,2000,1.72798089933862,1,0.5
2000,0.9455,3.32716230617859,3.30476802346363,0.9435,5.94799751483732,5.86876831599365,0.1925,1.02107652463519,1.01711173126479,0.951,0,0,2000,1.72798089933862,1,0.5
4000,0.949,2.46289864496167,2.4528238985633,0.9435,4.40403041222425,4.36424096321773,0.04,0.758199927968815,0.75424565002672,0.945,0,0,2000,1.72798089933862,1,0.5
8000,0.958,1.82444596358731,1.81584052585318,0.9525,3.26163930399811,3.2488458589649,0.001,0.562608607844294,0.55826950922785,0.943,0,0,2000,1.72798089933862,1,0.5
16000,0.943,1.35036234006383,1.34451118786398,0.947,2.41847157794706,2.40797291340853,0,0.417179494194783,0.413891724048107,0.955,0,0,2000,1.72798089933862,1,0.5
32000,0.945,1.00435433572221,0.997594122488917,0.953,1.79661899045334,1.78639728490824,0,0.30978129465327,0.30715986679909,0.9425,0,0,2000,1.72798089933862,1,0.5
64000,0.94,0.745510474552141,0.740374209552159,0.9375,1.3381449015602,1.32959028460575,0,0.229984022559817,0.227867730641787,0.951,0,0,2000,1.72798089933862,1,0.5
