"n","proposed_cov","proposed_width","proposed_med_width","naive_cov","naive_width","naive_med_width","stdLLR_cov_tauRD","stdLLR_width","stdLLR_med_width","stdLLR_cov_tauPE","n_na","n_failed","n_success","tauRD","tau_partial","gamma"
500,0.947,9.87432580411083,9.52523730238816,0.9165,46.1386168065839,26.7386866716651,0.015,1.86006545684854,1.85351547199598,0.9465,0,0,2000,2.98625450208264,1,0.8
1000,0.9545,7.07460121685206,6.93121320543749,0.9405,23.2692987728996,19.7309103323797,5e-04,1.38014828014487,1.37780596280248,0.9535,0,0,2000,2.98625450208264,1,0.8
2000,0.95,5.04022410872873,4.96000564519854,0.9425,15.7327212503882,14.5848420825187,0,1.02107652463519,1.01711173126479,0.951,0,0,2000,2.98625450208264,1,0.8
4000,0.9425,3.68507956124635,3.64192974045917,0.955,11.2978179914469,10.8402129985846,0,0.758199927968815,0.75424565002672,0.945,0,0,2000,2.98625450208264,1,0.8
8000,0.952,2.68944069202028,2.6648156601078,0.953,8.28729795615287,8.12992974118891,0,0.562608607844294,0.55826950922785,0.943,0,0,2000,2.98625450208264,1,0.8
16000,0.9455,1.99418593144819,1.97922836907667,0.9495,6.13038788421296,6.03444142236338,0,0.417179494194783,0.413891724048107,0.955,0,0,2000,2.98625450208264,1,0.8
32000,0.9475,1.47996577942249,1.46923874519245,0.9555,4.55093050680188,4.51117465367341,0,0.30978129465327,0.30715986679909,0.9425,0,0,2000,2.98625450208264,1,0.8
64000,0.932,1.1055649712367,1.1008654826714,0.93,3.39564398400558,3.3719259757754,0,0.229984022559817,0.227867730641787,0.951,0,0,2000,2.98625450208264,1,0.8
